<?xml version="1.0" encoding="UTF-8"?>
<!DOCTYPE fontscolors PUBLIC "-//NetBeans//DTD Editor Fonts and Colors settings 1.1//EN" "http://www.netbeans.org/dtds/EditorFontsColors-1_1.dtd">
<fontscolors>
    <fontcolor default="default" foreColor="ffbf9221" name="sgml-declaration"/>
    <fontcolor default="identifier" foreColor="ffe0c587" name="argument"/>
    <fontcolor default="default" name="text"/>
    <fontcolor name="mod-method">
        <font style="bold"/>
    </fontcolor>
    <fontcolor bgColor="red" default="error" foreColor="white" name="error"/>
    <fontcolor default="default" name="css-embedded"/>
    <fontcolor default="default" foreColor="ffac885b" name="tag">
        <font style="bold"/>
    </fontcolor>
    <fontcolor default="comment" foreColor="gray" name="sgml-comment"/>
    <fontcolor default="whitespace" name="ws"/>
    <fontcolor default="operator" foreColor="white" name="operator"/>
    <fontcolor default="char" foreColor="ffffcc66" name="character"/>
    <fontcolor name="mod-class" waveUnderlined="red"/>
    <fontcolor default="default" foreColor="ff628fb5" name="xml-pi"/>
    <fontcolor default="default" name="javascript-embedded"/>
    <fontcolor default="default" foreColor="ff8f9d6a" name="value"/>
    <fontcolor default="comment" foreColor="gray" name="block-comment"/>
</fontscolors>
