<?xml version="1.0" encoding="UTF-8"?>
<!DOCTYPE fontscolors PUBLIC "-//NetBeans//DTD Editor Fonts and Colors settings 1.1//EN" "http://www.netbeans.org/dtds/EditorFontsColors-1_1.dtd">
<fontscolors>
    <fontcolor default="default" foreColor="black" name="jsp-whitespace">
        <font style="bold"/>
    </fontcolor>
    <fontcolor default="default" foreColor="ff154da4" name="tag-directive">
        <font style="bold"/>
    </fontcolor>
    <fontcolor default="default" foreColor="ff021a36" name="symbol">
        <font style="bold"/>
    </fontcolor>
    <fontcolor default="default" name="error">
        <font style="bold"/>
    </fontcolor>
    <fontcolor default="default" foreColor="ffc39043" name="attribute-value"/>
    <fontcolor default="default" name="scriptlet-delimiter"/>
    <fontcolor default="default" foreColor="ff3d8b3d" name="attribute-name"/>
    <fontcolor default="default" foreColor="gray" name="comment">
        <font style="bold"/>
    </fontcolor>
    <fontcolor default="default" name="expression-language"/>
    <fontcolor default="default" foreColor="ff154da4" name="endtag">
        <font style="bold"/>
    </fontcolor>
    <fontcolor default="default" name="scriptlet"/>
</fontscolors>
